,"Principles of Real Estate Practice in Florida, 2nd Edition Final Exams Question Database 8-10-23",,,,,,
,,,,,,,
Book Name,Question #,Question Stem,Answer A,Answer B,Answer C,Answer D,Correct Answer
,Final Exam #1,,,,,,
Principles of Real Estate Practice in Florida,1.1,"Cuando un copropietario fallece, ¿qué sucede con el interés del inquilino en el patrimonio? ","Pasa a los herederos del difunto, que se convierten en copropietarios ",Pasa como un arrendamiento en común a los herederos del difunto ,La tenencia conjunta termina y se convierte en una tenencia en común con los herederos del difunto y los inquilinos sobrevivientes como copropietarios ,Pasa a los copropietarios sobrevivientes ,D
Principles of Real Estate Practice in Florida,1.2,¿Cuál de los siguientes NO es necesario al registrar una transferencia de bienes raíces en Florida? ,Firma notarial ,Firma del testigo ,Número de parcela de propiedad válido ,Declaración jurada de propiedad ,C 
Principles of Real Estate Practice in Florida,1.3,¿En qué tipo de servidumbre hay un conventillo dominante y un conventillo sirviente? ,Una servidumbre en bruto ,Una servidumbre comercial ,Una servidumbre personal ,Una servidumbre accesoria ,D
Principles of Real Estate Practice in Florida,1.4,Un tribunal puede conceder una servidumbre por prescripción si: ,"Un municipio necesita cavar una zanja a través de la propiedad de un propietario para instalar una línea de alcantarillado a una propiedad vecina, y el propietario niega el permiso ",El dueño de una propiedad vende la mitad delantera de un lote y quiere continuar usando el camino de entrada para llegar a la parte trasera del lote ,Un individuo ha estado usando la propiedad de otro como servidumbre durante el período de tiempo prescrito sin interrupción y sin el permiso del propietario ,El dueño de una propiedad quiere evitar que el dueño de una propiedad contigua construya una adición en el segundo piso que bloquee la luz del sol a su jardín de rosas ,C 
Principles of Real Estate Practice in Florida,1.5,Un gravamen es un ,deuda contraída por el dueño de una propiedad ,Pagaré otorgado por el propietario de un inmueble como garantía de una deuda ,Crédito del acreedor contra la propiedad como garantía de una deuda del propietario de la propiedad ,documento que crea una servidumbre ,C 
Principles of Real Estate Practice in Florida,1.6,¿Cuál de las siguientes opciones caracteriza mejor a una Escritura de Comité? ,Un documento de seguro creado para asegurar un instrumento hipotecario ,Una forma de escritura que transfiere el título a un comité de ejecución hipotecaria ejecutado por una parte incompetente ,Un documento de traspaso para las partes incompetentes ejecutado por un grupo de miembros del comité ordenado por el tribunal ,El instrumento diseñado para su uso como documento de traspaso en una venta corta ,C 
Principles of Real Estate Practice in Florida,1.7,El financiamiento hipotecario es la práctica de ,Compra y venta de hipotecas como vehículo de inversión ,Prestar dinero a inversores inmobiliarios para financiar la compra de hipotecas ,Usar fondos prestados garantizados por una hipoteca o escritura de fideicomiso para comprar bienes raíces ,Obtención de un título equitativo de bienes inmuebles mediante la compra de pagarés ,C 
Principles of Real Estate Practice in Florida,1.8,¿Cuál es la función de un pagaré en un acuerdo de financiamiento de hipoteca o escritura fiduciaria? ,Es evidencia del interés del prestamista en la propiedad colateral ,Es evidencia de la propiedad de la hipoteca o escritura de fideicomiso ,Contiene la promesa del prestatario de mantener el valor de la propiedad dada como garantía de un préstamo ,Es evidencia de la deuda del prestatario con el prestamista ,D
Principles of Real Estate Practice in Florida,1.9,"Si un prestatario obtiene un préstamo de solo intereses de $75,000 a una tasa de interés anual del 8%, ¿cuál es el pago mensual de intereses? ",$720 ,$625 ,$42 ,$500 ,D
Principles of Real Estate Practice in Florida,1.10,¿Cuál de las siguientes afirmaciones es cierta para un préstamo amortizable? ,El monto de los intereses anuales pagados es el mismo para cada año del plazo del préstamo ,Una parte de cada pago periódico se destina al reembolso anticipado del saldo del préstamo y otra parte al pago de intereses atrasados ,"A excepción de los puntos que se puedan pagar, los intereses sobre el saldo del préstamo generalmente se pagan por adelantado ",La tasa de interés se reduce cada año para mantener pagos iguales a pesar de que el saldo pendiente del préstamo es menor ,B
Principles of Real Estate Practice in Florida,1.11,"La industria de bienes raíces está regulada por leyes federales, estatales y locales, así como por ",sus propios códigos de ética profesional ,la Cámara de Comercio local ,la Agencia de Protección al Consumidor ,el Better Business Bureau ,A
Principles of Real Estate Practice in Florida,1.12,¿Cuánto tiempo es válida una solicitud inicial de licencia? ,60 días a partir de la fecha en que fue recibido por el DBPR ,90 días a partir de la fecha en que fue recibido por el DBPR ,1 año a partir de la fecha en que fue recibido por el DBPR ,2 años a partir de la fecha en que fue recibido por el DBPR ,D
Principles of Real Estate Practice in Florida,1.13,¿Cuál de las siguientes afirmaciones es verdadera con respecto a los requisitos de licencia de asociado de ventas? ,Los solicitantes deben completar 72 horas de educación previa a la licencia ,Los solicitantes deben aprobar el examen de fin de curso con una puntuación del 75%. ,Los solicitantes deben imprimir su propio certificado de finalización del curso ,Los solicitantes pueden completar el curso de educación previa a la licencia a través de la educación a distancia ,D
Principles of Real Estate Practice in Florida,1.14,Un solicitante debe tomar y aprobar el examen de licencia estatal dentro de _____ de completar la educación previa a la licencia ,90 días ,1 año ,2 años ,De 30 días a 1 año ,C 
Principles of Real Estate Practice in Florida,1.15,"Si un solicitante de una licencia de corredor ha sido licenciado como asociado de ventas de Florida durante los 5 años anteriores, ",El solicitante debe completar el curso posterior a la licencia de asociado de ventas antes de solicitar la licencia de corredor ,El solicitante no está obligado a completar la educación previa a la licencia de corredor ,El solicitante no está obligado a tomar el examen de licencia estatal ,Se exime de la tarifa de licencia de corredor del solicitante ,A
Principles of Real Estate Practice in Florida,1.16,Los registros de la cuenta de depósito en garantía deben mantenerse durante ,No más de 3 años ,al menos 2 años ,por lo menos 5 años ,7 años ,C 
Principles of Real Estate Practice in Florida,1.17,"Si los fondos de garantía se colocan en una cuenta que devenga intereses, ¿a quién se deben pagar los intereses? ",El vendedor ,El comprador ,El titular de la cuenta ,A quien todas las partes acuerden ,D
Principles of Real Estate Practice in Florida,1.18,"Si hay un conflicto sobre el desembolso del fondo de custodia, ¿cuál es el primer paso que debe tomar el corredor? ",Iniciar la mediación ,Notificar a la FREC ,Notificar a la compañía de títulos ,Iniciar un litigio con una acción de interpelación ,B
Principles of Real Estate Practice in Florida,1.19,¿Cuál de estas afirmaciones es verdadera con respecto a las opiniones de título? ,Los licenciatarios de bienes raíces están calificados para ofrecer una opinión de título ,Los licenciatarios pueden incluir la opinión de un abogado sobre el título al proporcionar información a un comprador ,Los licenciatarios pueden ofrecer su propia opinión sobre el título sujeto a haber consultado con su abogado ,Los licenciatarios tienen prohibido aconsejar a los compradores que consulten con un abogado para obtener una opinión sobre el título ,B
Principles of Real Estate Practice in Florida,1.20,¿Cuál de las siguientes opciones está prohibida? ,Una correduría que establece una tasa de comisión estándar para todas las transacciones manejadas por esa correduría ,Un asociado de ventas que demanda al corredor empleador por falta de pago de la comisión ,Un corredor que paga a una persona sin licencia para realizar trabajos de mantenimiento en propiedades de alquiler ,Compartir una comisión con una de las partes de la transacción sin divulgarla a todas las partes involucradas ,D
Principles of Real Estate Practice in Florida,1.21,¿Cuál de las siguientes situaciones ilustra el principio de contribución? ,Un comprador de vivienda hace un pago inicial del 20% en lugar del 10% que requiere el prestamista ,"Un propietario agrega un tercer baño a una casa y, por lo tanto, aumenta el valor de tasación en $10,000 ","El valor de tasación de una casa aumenta en $20,000 durante un período de dos años debido a los precios pagados recientemente por otras casas en el vecindario ","Debido a una disminución en las tasas de interés hipotecarias, un propietario en un determinado mercado puede poner su casa a un precio más alto ",B
Principles of Real Estate Practice in Florida,1.22,¿Cuál de las siguientes afirmaciones describe adecuadamente el concepto central del enfoque de comparación de ventas? ,Encuentre el precio medio de propiedades comparables vendidas recientemente y sume o reste cantidades en dólares en la propiedad en cuestión para tener en cuenta las diferencias competitivas ,Hacer ajustes en dólares a los precios de venta de propiedades comparables para tener en cuenta las diferencias competitivas con el sujeto ,Encuentre al menos tres propiedades comparables que estén actualmente a la venta y haga ajustes en dólares a los precios de venta para tener en cuenta las diferencias competitivas con el sujeto ,Aplique un factor de apreciación al precio al que se vendió más recientemente la propiedad en cuestión y realice ajustes en dólares para tener en cuenta las diferencias competitivas con propiedades comparables actualmente a la venta ,B
Principles of Real Estate Practice in Florida,1.23,La mejor propiedad comparable para su uso en el enfoque de comparación de ventas es la que ,se encuentra más cerca de la propiedad en cuestión ,requiere la menor cantidad y los más pequeños ajustes ,vendido más recientemente ,fue construido de acuerdo con el mismo plan que el sujeto y aproximadamente al mismo tiempo ,B
Principles of Real Estate Practice in Florida,1.24,¿Cuál de las siguientes afirmaciones describe adecuadamente la metodología del enfoque de costos para la evaluación? ,Aplique un factor de depreciación al costo real reportado de adquirir y mejorar la propiedad en cuestión ,Estime el costo de construir las mejoras en la propiedad en cuestión ,Estime el valor del terreno y agregue a esto el costo real de las mejoras ajustado por diferencias competitivas con propiedades similares ,Sume el valor estimado del terreno y el costo de las mejoras y reste la depreciación acumulada de las mejoras ,D
Principles of Real Estate Practice in Florida,1.25,"Una propiedad está siendo evaluada por el enfoque de costos. El tasador estima que el terreno tiene un valor de $10,000 y el costo de reemplazo de las mejoras es de $75,000. La depreciación total por todas las causas es de $7,000. ¿Cuál es el valor indicado del inmueble? ",68.000 dólares ,92.000 dólares ,82.000 dólares ,"$78,000 ",D
Principles of Real Estate Practice in Florida,1.26,"Para evitar violar la Ley de Procedimientos de Liquidación de Bienes Raíces, las partes que brindan servicios al comprador o vendedor en una transacción deben ",antes de la fecha de cierre de cualquier servicio que presten ,Informar al agente de cierre del costo de sus servicios al menos una semana antes de la fecha de cierre ,"Reciba el pago solo de los fondos mantenidos en custodia, no directamente del comprador o vendedor. ",Divulgar por escrito cualquier relación comercial que tengan con otras partes involucradas en la transacción ,D
Principles of Real Estate Practice in Florida,1.27,¿Cuál de los siguientes conceptos se paga atrasado? ,Alquiler de apartamento ,Una prima de seguro contra inundaciones ,Una comisión de apertura del préstamo ,Una factura de impuestos sobre bienes inmuebles ,D
Principles of Real Estate Practice in Florida,1.28,"Una transacción de venta cierra el 1 de abril, el día noventa y uno del año fiscal. El día del cierre pertenece al vendedor. Se espera que los impuestos inmobiliarios para el año, aún no facturados, sean de $3,150. De acuerdo con el método de 365 días, ¿cuál es la parte de la factura de impuestos que le corresponde al vendedor? ",$776.71 ,$785.34 ,$959.54 ,"$2,364.66 ",B
Principles of Real Estate Practice in Florida,1.29,"Si la demanda está aumentando, ¿cuál sería el efecto probable en los precios de los inmuebles en una zona donde el municipio ha declarado una moratoria sobre las nuevas construcciones? ",Los precios se estabilizarían ,Los precios seguirían la tendencia que precedió a la moratoria ,Los precios bajarían ,Los precios subirían ,D
Principles of Real Estate Practice in Florida,1.30,"De acuerdo con la ley bancaria federal, ¿cuál de las siguientes es una ""transacción relacionada con el gobierno federal"" que requiere que un tasador certificado realice la tasación? ",Una transacción financiera de bienes raíces que está regulada por una agencia reguladora de una institución financiera federal ,Un avalúo que se realiza en una propiedad que pertenece al gobierno federal ,Una transacción de bienes raíces para el gobierno de los EE. UU. que está siendo manejada por un corredor de bienes raíces con licencia ,Una transacción financiera de bienes raíces que no requiere un tasador certificado para realizar la tasación ,A
Principles of Real Estate Practice in Florida,1.31,No residentes solicitando una licencia en Florida ,debe ser de un estado que tenga un acuerdo de reconocimiento mutuo con Florida ,están exentos de completar la educación previa a la licencia en Florida ,generalmente deben tener licencia en su estado de residencia ,No tienen que presentar un informe de huellas dactilares ni pagar la tarifa de residente ,C 
Principles of Real Estate Practice in Florida,1.32,Todos los licenciatarios de corredores deben completar ________ de educación posterior a la licencia ,30 horas ,Dos cursos de 20 horas ,60 horas ,45 horas ,C 
Principles of Real Estate Practice in Florida,1.33,Un licenciatario puede completar un curso educativo de 28 horas para reactivar una licencia que ha estado en estado inactivo involuntario durante ,menos de 1 año ,De 1 a 2 años ,Más de 2 años ,hasta 5 años ,B
Principles of Real Estate Practice in Florida,1.34,Los miembros de FREC sirven __________ mandatos ,2 años ,4 años ,6 años ,8 años ,B
Principles of Real Estate Practice in Florida,1.35,"Tom obtuvo su licencia de asociado de ventas en abril de 2016 y renovó esa licencia el 31 de marzo de 2018. Su próxima fecha de renovación estaba programada para el 31 de marzo de 2020. Sin embargo, Tom obtuvo su licencia de corredor el 8 de julio de 2019. ¿Cuándo hay que renovar esta licencia de corredor? ",antes del 31 de marzo de 2020 ,antes del 31 de marzo de 2021 ,antes del 30 de septiembre de 2020 ,a más tardar el 30 de septiembre de 2021 ,B
Principles of Real Estate Practice in Florida,1.36,¿Cuál de las siguientes afirmaciones es verdadera con respecto a la enmienda Salva Nuestras Casas - Save Our Homes (SOH) de Florida? ,"La enmienda SOH proporciona una exención de impuestos de $25,000 para viviendas valoradas en más de $35,000 ",La enmienda de la SOH limita el aumento máximo del valor de tasación anual de una vivienda familiar al 3% del valor de tasación de la propiedad del año anterior ,"El beneficio de ahorro de la enmienda SOH tiene un límite de $250,000 ",La enmienda SOH establece un tope de tasación del 25% para las propiedades que no son de vivienda ,B
Principles of Real Estate Practice in Florida,1.37,"Un propietario recibe una factura de impuestos que incluye una cantidad para el distrito de bibliotecas, gravada a $1.00 por cada $1,000, y el distrito de protección contra incendios, gravada a $2.00 por cada $1,000. ¿Cuánto tiene que pagar el contribuyente por estos dos artículos si el valor imponible de la propiedad es de $470,000? ","$15,670 ","$1,570 ","$14,100 ","$1,410 ",D
Principles of Real Estate Practice in Florida,1.38,¿Cuál es el propósito de la Ley de Política de Crecimiento y Planificación Comunitaria de la Florida (Ch F.S. 163)? ,Promover el impacto beneficioso que los centros comunitarios rurales tienen en las economías locales y estatales ,"Asegurar que los servicios públicos, como el agua y el transporte, estén en su lugar antes de las mejoras ",Prohibir la expansión y la congestión ,Lograr que los gobiernos locales y estatales se concentren en el uso y crecimiento de la tierra comunitaria ,B
Principles of Real Estate Practice in Florida,1.39,¿Cuál es la relación entre la planificación maestra y las ordenanzas de zonificación? ,La compilación de ordenanzas urbanísticas es el plan maestro ,Un plan maestro elimina la necesidad de ordenanzas de zonificación ,La planificación maestra es una función a nivel estatal; La zonificación se limita al nivel del condado ,Las ordenanzas de zonificación son un medio principal para mantener el uso de la tierra en línea con el plan maestro ,D
Principles of Real Estate Practice in Florida,1.40,¿Cuál es la diferencia entre una variación y un uso no conforme? ,"Una variación, una vez concedida, es incondicional y permanente ",La variación es otorgada por la junta de zonificación si el propietario tiene una razón justificable ,Se permite un uso no conforme si el propietario lo solicita antes de la construcción ,"Un El uso no conforme viola la zonificación actual, pero una variación no lo hace ",B
Principles of Real Estate Practice in Florida,1.41,¿Cuál de los siguientes es un ejemplo de coaccion inmobilaria (blockbusting)? ,Un agente muestra a un comprador de vivienda minoritario propiedades ubicadas en un vecindario donde no hay otros propietarios minoritarios ,Un agente persuade a un comprador de vivienda de una minoría para que evite buscar en un vecindario donde no hay propietarios de viviendas de minorías ,Un agente persuade a una familia para que ponga su casa en el mercado porque las familias de minorías étnicas están comenzando a mudarse al vecindario ,Un agente persuade a un comprador de vivienda minoritario para que compre una propiedad ubicada en un área donde la mayoría de los propietarios pertenecen a grupos minoritarios ,C 
Principles of Real Estate Practice in Florida,1.42,La práctica de la exclusión (linea roja) está específicamente prohibida por ,La Ley de Divulgación de Hipotecas de Vivienda ,La Ley de Procedimientos de Liquidación de Bienes Inmuebles ,La Ley de Derechos Civiles de 1866 ,La Ley de Estadounidenses con Discapacidades ,A
Principles of Real Estate Practice in Florida,1.43,"Según las leyes federales de vivienda justa, el propietario de un edificio de apartamentos de diez unidades puede legalmente ",Anuncie que la propiedad no está disponible para nadie que requiera acceso para sillas de ruedas ,negarse a alquilar a extranjeros ,Exigir a las familias sin hijos que paguen el mismo depósito de seguridad que deben pagar las familias con niños ,Exigir a los inquilinos que se muden cuando cumplan 62 años ,C 
Principles of Real Estate Practice in Florida,1.44,Las ventas que involucren un _______________ requieren una declaración de divulgación al comprador de que el comprador no debe ejecutar el contrato hasta que haya leído el resumen de divulgación ,CDD ,Asociación de Propietarios ,Condominio ,Tiempo compartido ,B
Principles of Real Estate Practice in Florida,1.45,"Por definición, la propiedad personal ",Incluye bienes inmuebles ,es cualquier propiedad que no sea un bien inmueble ,es cualquier propiedad propiedad de un individuo ,es un bien inmueble que no está vinculado a un bien inmueble ,B
Principles of Real Estate Practice in Florida,1.46,La relación de agencia se define por ,el Código de Ética de los Agentes® Inmobiliarios ,las leyes de agencia ,El derecho de los contratos inmobiliarios ,el acuerdo entre un mandante y un agente ,B
Principles of Real Estate Practice in Florida,1.47,El agente y el mandante pueden poner fin a la relación de agencia por consentimiento mutuo ,en cualquier momento ,en cualquier momento hasta que el agente haya comenzado a cumplir con las obligaciones del acuerdo ,solo si el acuerdo escrito prevé la cancelación ,solo si el mandante y el mandatario tienen un contrato ,A
Principles of Real Estate Practice in Florida,1.48,Uno de los deberes fiduciarios del agente que continúa incluso después de que expira un acuerdo de cotización es ,obediencia ,diligencia ,Confidencialidad ,Divulgación ,C 
Principles of Real Estate Practice in Florida,1.49,El corredor de un comprador le debe el conjunto completo de deberes fiduciarios a ,el comprador ,el vendedor ,La parte que pagará la comisión ,El agente del vendedor ,A
Principles of Real Estate Practice in Florida,1.50,"Entre los deberes de un corredor que actúa como corredor de transacciones, se encuentra ",preservar la confidencialidad de la información recibida de cualquiera de las partes al no informar a la otra parte ,ayudar a las dos partes a llegar a un acuerdo que se acerque más a la consecución de los objetivos de cada parte ,Revelar hechos materiales que afecten el valor de la propiedad a ambas partes ,elegir obedecer las instrucciones de una de las partes e informar a la otra parte de la decisión ,C 
Principles of Real Estate Practice in Florida,1.51,¿Qué es la relación préstamo-valor? ,El porcentaje de la cartera de un prestamista que se compone de préstamos hipotecarios ,La relación entre el capital prestado más el interés total y el valor de tasación de la propiedad en garantía ,La relación entre el rendimiento de un prestamista en un préstamo hipotecario y el valor de la propiedad colateral ,La fracción del valor de tasación de la propiedad ofrecida como garantía que el prestamista está dispuesto a prestar ,D
Principles of Real Estate Practice in Florida,1.52,"Un solicitante de préstamo tiene un ingreso bruto anual de $36,000. ¿Cuánto le permitirá un prestamista al solicitante pagar los gastos mensuales de vivienda para calificar para un préstamo si el prestamista utiliza un índice de ingresos del 28%? ","$2,160 ",$840 ,"$1,008 ",$720 ,B
Principles of Real Estate Practice in Florida,1.53,Un certificado de elegibilidad de VA determina ,si una persona es un veterano ,el monto máximo del préstamo que un prestamista aprobado puede otorgar a los veteranos ,cuánto de un préstamo garantizará el VA ,si un prestamista está aprobado para emitir préstamos garantizados por el VA ,C 
Principles of Real Estate Practice in Florida,1.54,El prestatario en una transacción de préstamo hipotecario se conoce como el ,acreedor hipotecario ,deudor hipotecario ,lienor ,fiduciario ,B
Principles of Real Estate Practice in Florida,1.55,"Si un prestamista descubre que un solicitante de un préstamo hipotecario ha pedido prestado el pago inicial de un pariente y tiene que pagar ese préstamo, es probable que el prestamista ",Rechazar la solicitud ,ajustar el cálculo del índice de endeudamiento del solicitante y reducir el monto del préstamo ,Aumentar el monto del préstamo para permitir que el prestatario pague el préstamo al pariente ,Exigir al prestatario que realice pagos a una cuenta de depósito en garantía para el pago del préstamo del pariente ,B
Principles of Real Estate Practice in Florida,1.56,¿Cuál de las siguientes opciones describe mejor el aviso real? ,Es un aviso publicado en un periódico ,Es un conocimiento que uno podría o debería haber obtenido ,Es un aviso que se indica explícitamente en un documento legal ,Es el conocimiento recibido o impartido a través de la experiencia directa ,D
Principles of Real Estate Practice in Florida,1.57,El título puede ser transferido voluntariamente por ,"concesión, escritura y testamento ","Estafa, escritura y pacto ","certificado de título, testamento y escritura ","Contrato de compraventa, escritura y garantía de embargo ",A
Principles of Real Estate Practice in Florida,1.58,Una de las condiciones que debe cumplir un poseedor adverso para obtener el título legal de una propiedad es ,Poseer y reclamar abiertamente la propiedad sin el consentimiento del propietario ,Ocupar el inmueble sin permiso de ocupación ,Usar la propiedad de manera intermitente y sin permiso durante un período de años. ,Construcción de una estructura permanente en la propiedad ,A
Principles of Real Estate Practice in Florida,1.59,Entre las principales obligaciones de un arrendador en un contrato de arrendamiento se encuentran: ,Asegurar al inquilino contra la pérdida de bienes personales ,proporcionar el apoyo y los servicios del edificio requeridos ,garantizando que se cobre un alquiler justo ,Asegurar el inmueble por el valor del arrendamiento ,B
Principles of Real Estate Practice in Florida,1.60,"¿Qué tipo de mapa incluye el nombre del propietario, la dirección postal, los datos de venta, las valoraciones, la información del edificio y la dirección del sitio? ",Mapa de la parcela ,Mapa catastral ,Mapa tributario ,Mapa topográfico ,B
Principles of Real Estate Practice in Florida,1.61,"Si un demandante retira una queja presentada, ¿cuál de las siguientes acciones puede ocurrir? ","De todos modos, el FREC puede investigar la denuncia ",El DBPR puede investigar la queja de todos modos ,La denuncia se desestima automáticamente y se archiva ,El denunciante puede ser multado por presentar y luego retirar la queja ,B
Principles of Real Estate Practice in Florida,1.62,"Cuando el Panel de Causa Probable determina que no hay causa probable, ¿qué sucede a continuación? ",El Grupo Especial emite un aviso de incumplimiento ,El DBPR anula la constatación del Grupo Especial y sigue investigando la reclamación ,El Panel podrá emitir una carta de orientación ,El secretario del DBPR puede emitir una suspensión sumaria ,C 
Principles of Real Estate Practice in Florida,1.63,¿Cuándo se suspenden las tarifas especiales para financiar el Fondo de Recuperación? ,"Cuando el saldo del Fondo alcance los $150,000 ",Cuando el saldo del Fondo alcance los 500.000 dólares ,Cuando el saldo del Fondo alcance 1 millón de dólares ,Nunca ,C
Principles of Real Estate Practice in Florida,1.64,"En Florida, los depósitos de seguridad de alquiler se limitan a ",Importe de 1 mes de alquiler ,el total de los importes del primer y último mes de alquiler ,"$1,000 ",La ley de Florida no establece un límite en los montos de los depósitos de seguridad ,D
Principles of Real Estate Practice in Florida,1.65,La ley de vivienda justa que protegió por primera vez a las personas contra la discriminación en la vivienda basada en la raza fue la ,Ley de Derechos Civiles de 1866 ,Ley de Derechos Civiles de 1968 ,Orden Ejecutiva 11063 de 1962 ,Enmienda del Título VIII a la Ley de Vivienda Justa ,A
Principles of Real Estate Practice in Florida,1.66,"Cuando se emite por primera vez una licencia de asociado de ventas, está en estado inactivo. ¿Cómo activa la licencia el asociado de ventas? ",Educación post-educativa completa ,Regístrese con un corredor empleador ,Seleccione el estado activo al renovar la licencia ,Las licencias se emiten en estado activo ,B
Principles of Real Estate Practice in Florida,1.67,"Si un titular de licencia cambia su dirección residencial, ¿qué debe hacer? ",Notifique a su corredor del cambio ,Notifique al DBPR dentro de los 10 días ,Notificar al FREC dentro de los 30 días posteriores al cambio ,No se requiere ninguna acción ,B
Principles of Real Estate Practice in Florida,1.68,¿Qué afirmación es verdadera con respecto a las relaciones de corretaje de Florida? ,Un comprador o vendedor debe entablar una relación de corretaje con un licenciatario ,Un licenciatario tiene los mismos deberes con el comprador o el vendedor en todo tipo de relación de corretaje ,Un licenciatario tiene deberes limitados con el comprador o el vendedor en una relación de no representación ,Un licenciatario le debe confidencialidad a un comprador o vendedor en una relación de no representación ,C 
Principles of Real Estate Practice in Florida,1.69,¿En qué relación se prohíbe a un licenciatario ayudar tanto al comprador como al vendedor en la misma transacción? ,Agente único ,Agente de transacciones ,Falta de representación ,Doble agencia ,A
Principles of Real Estate Practice in Florida,1.70,¿Cuál de los siguientes deberes debe tener un corredor de transacciones? ,Divulgación completa ,Obediencia ,Lealtad indivisa ,Presentación de todas las ofertas ,D
Principles of Real Estate Practice in Florida,1.71,"Una propiedad está siendo tasada utilizando el enfoque de capitalización de ingresos. Anualmente, tiene un ingreso bruto estimado de $30,000, pérdidas de vacantes y crédito de $1,500 y gastos operativos de $10,000. Usando una tasa de capitalización del nueve por ciento, ¿cuál es el valor indicado (al $1,000 más cercano)? ","$206,000 ","$167,000 ","$222,000 ","$180,000 ",A
Principles of Real Estate Practice in Florida,1.72,La ley que requería que las tasaciones relacionadas con el gobierno federal fueran realizadas por un tasador certificado se conoce como ,"la Ley de Reforma, Recuperación y Ejecución de las Instituciones Financieras (FIRREA) ","la Ley de Estándares Uniformes de Práctica de Tasación Profesional (USPAPA, por sus siglas en inglés) ",la Ley de Autorización y Reforma de Fundaciones de Tasación (AFAR) ,la Ley de la Institución Federal de Regulación y Aplicación de la Tasación (FIREAA) ,A
Principles of Real Estate Practice in Florida,1.73,"Una casa se vendió por $350,000. El vendedor pagó una comisión de corretaje del seis por ciento, honorarios legales de $600 y tuvo otros costos de cierre de $3,000. ¿Cuáles son los ingresos netos de la venta? ","$343,000 ","$329,000 ",$346.400 ,$325.400 ,D
Principles of Real Estate Practice in Florida,1.74,"Un propietario compró una casa hace cinco años por $250,000. Desde entonces, el propietario ha gastado $6,000 para pavimentar el camino de entrada y ha agregado un sistema central de calefacción / aire acondicionado a un costo de $10,000. ¿Cuál es la base ajustada del propietario si la casa se vende hoy? ","$260,000. ","$266,000 ","$256,000 ","$234,000 ",B
Principles of Real Estate Practice in Florida,1.75,"En Florida, los impuestos a la propiedad no pagados se convierten en morosos ",1 de enero ,1 de marzo ,1 de abril ,1 de junio ,C 
Principles of Real Estate Practice in Florida,1.76,¿Cuál de los siguientes no se requiere para una oficina de bienes raíces en Florida? ,Registro en el Departamento de Estado de Florida ,Al menos una habitación cerrada ,Señalización en la entrada ,Cumplimiento de las leyes relativas a la accesibilidad para las personas con discapacidad ,A
Principles of Real Estate Practice in Florida,1.77,Un letrero en la entrada de una oficina de corretaje ,debe incluir los nombres de todos los asociados de ventas y corredores que trabajen en esa oficina ,debe incluir todos los nombres de los equipos que practican en esa oficina ,No es necesario incluir el nombre comercial del corredor ,debe ser fácilmente visto y leído por cualquier persona que ingrese a la oficina ,D
Principles of Real Estate Practice in Florida,1.78,La publicidad ciega se produce cuando: ,El letrero de entrada se encuentra en la entrada interior de la oficina de corretaje ,La dirección de corretaje no se incluye en un anuncio ,El nombre del corredor con licencia no está incluido en un anuncio ,El apodo del corredor no está incluido en un letrero de patio ,C 
Principles of Real Estate Practice in Florida,1.79,Un comprador de propiedades le dio a la asociada de ventas Tracy un cheque de garantía el martes 23 de diciembre. El cheque debe depositarse en la cuenta de depósito en garantía del corredor al final de las operaciones ,Viernes 26 de diciembre ,Miércoles 24 de diciembre ,Lunes 29 de diciembre ,Martes 30 de diciembre ,C 
Principles of Real Estate Practice in Florida,1.80,La asociada de ventas Tracy aceptó un cheque de garantía el miércoles 24 de diciembre. Tracy debe entregar el cheque a su agente a más tardar ,"al final del mismo día en que se recibieron los fondos, excluyendo los fines de semana ","al final del mismo día en que se recibieron los fondos, incluidos los fines de semana ","al final del siguiente día hábil, excluyendo los fines de semana ",al final del quinto día hábil siguiente a la recepción de los fondos ,C
Principles of Real Estate Practice in Florida,1.81,Se puede considerar que existe un contrato implícito si: ,Las partes no desautorizan un contrato expreso que haya expirado ,las partes actúan como si hubiera un contrato ,Una parte oferente no recibe una notificación por escrito de que la oferta ha sido rechazada ,Las partes se comprometen a cumplir con su parte del acuerdo si la otra parte cumple ,B
Principles of Real Estate Practice in Florida,1.82,"Un agente firma un acuerdo de venta con un vendedor de viviendas, pero luego está demasiado ocupado para cumplir con el acuerdo. Para aliviar el problema, el agente asigna el acuerdo a un corredor de la competencia. ¿Cuál de las siguientes afirmaciones es cierta sobre esta situación? ",El agente no puede ceder el acuerdo de listado ,El nuevo corredor adquiere el conjunto completo de deberes fiduciarios para con el cliente ,El nuevo bróker tiene que dividir cualquier comisión que resulte con el bróker asignador ,El corredor original tiene que revelar la cesión al vendedor ,A
Principles of Real Estate Practice in Florida,1.83,"Al ayudar a un comprador o vendedor a completar una oferta de compra, ¿qué debe hacer un agente para reducir el riesgo de cometer una práctica legal no autorizada? ",Utilice un contrato estándar promulgado por una agencia estatal o una junta de bienes raíces ,No cobrar más de una tarifa nominal por la asistencia ,Ofrecer asesoramiento legal solo sobre puntos del contrato de los que el agente esté absolutamente seguro ,Redacte los términos del contrato que sean manifiestamente justos tanto para el comprador como para el vendedor ,A
Principles of Real Estate Practice in Florida,1.84,"Un comprador hace una oferta para comprar una casa y el vendedor acepta la oferta. Ambas partes firman el contrato de venta, pero el comprador no proporciona un depósito de garantía. ¿Cuáles son las obligaciones del vendedor con el comprador? ",Ninguno. No existe un contrato válido ,El vendedor debe dar al comprador la oportunidad de hacer una nueva oferta ,El vendedor debe cumplir con los términos del contrato ,El vendedor debe notificar al comprador por escrito que el comprador está en mora ,A
Principles of Real Estate Practice in Florida,1.85,¿Qué tipo de interés posee el comprador después de que las partes principales firman un contrato de compraventa de bienes raíces? ,Título legal ,Intereses del acreedor prendario ,Intereses restantes ,Título equitativo ,D
Principles of Real Estate Practice in Florida,1.86,¿Cuál de las siguientes opciones está incluida en los derechos de superficie? ,Derechos aéreos ,Derechos del subsuelo ,Derechos de agua ,Derechos mineros ,C
Principles of Real Estate Practice in Florida,1.87,¿En qué tipo de patrimonio revierte la propiedad al otorgante de la herencia si el uso no se ajusta a una condición establecida en la concesión? ,Tarifa simple absoluta ,Patrimonio vitalicio con reversión ,Patrimonio vitalicio con condición posterior ,Tarifa simple anulable ,D
Principles of Real Estate Practice in Florida,1.88,"Si un inquilino ocupa una propiedad arrendada sin el consentimiento del arrendador después de que expira un contrato de arrendamiento, el tipo de propiedad resultante se llama ",una propiedad en sufrimiento ,un patrimonio remanente ,un arrendamiento adverso ,un arrendamiento hostil ,A
Principles of Real Estate Practice in Florida,1.89,Un propietario en común puede ,"vender, gravar o transferir su interés a un tercero sin el consentimiento de los demás propietarios en común ",usar su interés en el patrimonio para gravar todo el patrimonio ,"vender, gravar o transferir su interés solo a los otros propietarios en común ","vender, gravar o transferir su interés sólo con el consentimiento de todos los demás propietarios en común ",A
Principles of Real Estate Practice in Florida,1.90,"Si un copropietario vende su participación a un tercero, ",El nuevo propietario se convierte en copropietario ,El nuevo propietario es un propietario en común ,La tenencia conjunta termina y todos los propietarios se convierten en propietarios en común ,La tenencia conjunta termina y los propietarios deben crear una nueva tenencia conjunta para incluir al nuevo propietario ,B
Principles of Real Estate Practice in Florida,1.91,¿A qué préstamos se aplica la Regulación Z de la Reserva Federal? ,Todos los préstamos ,Todos los préstamos garantizados por bienes inmuebles ,Todos los préstamos garantizados por una residencia ,"Todos los préstamos superiores a $25,000 ",C
Principles of Real Estate Practice in Florida,1.92,"Según la Ley de Igualdad de Oportunidades de Crédito, un prestamista o un agente de bienes raíces que ayuda a un vendedor a calificar a un comprador potencial no puede ",Decir a un solicitante de préstamo rechazado las razones del rechazo ,Pregúntar al comprador/prestatario sobre su religión u origen nacional ,Pregúntar al comprador/prestatario que explique las brechas en su historial de empleo ,Usar un informe de crédito si el solicitante del préstamo disputa alguna información en el informe ,B
Principles of Real Estate Practice in Florida,1.93,"¿Cuánto impuesto intangible se adeudará cuando una persona financie la compra de una casa unifamiliar de $400,000 en Miami con un pago inicial en efectivo de $20,000? ","$8,000 ",$760 ,"$1,330 ","$2,400 ",B
Principles of Real Estate Practice in Florida,1.94,"¿Cuánto impuesto de sello documental se adeudará en el pagaré cuando una persona financie la compra de una casa unifamiliar de $400,000 en Miami con un pago inicial en efectivo de $20,000? ","$8,000 ",$760 ,"$1,330 ","$2,400 ",D
Principles of Real Estate Practice in Florida,1.95,"Durante el período entre la firma del contrato de compraventa y la fecha de cierre, ",El vendedor puede seguir aceptando ofertas por la propiedad ,El vendedor no podrá ocupar ni utilizar el inmueble ,Se espera que el comprador y el vendedor eliminen cualquier contingencia que se indique en el contrato ,El comprador y el vendedor continúan negociando el precio de venta si alguna de las partes no está satisfecha ,C
Principles of Real Estate Practice in Florida,1.96,Una descripción legal de una propiedad es aquella que ,localiza e identifica con precisión los límites de la propiedad y la distingue de todas las demás propiedades ,Identifica con precisión los límites de la propiedad y describe la ubicación y las dimensiones de cualquier mejora en la propiedad ,es aceptada por un topógrafo con licencia como adecuada para su inclusión en una inspección de la propiedad ,Escrito por un abogado con licencia para practicar la ley de bienes raíces en el estado en el que se encuentra la propiedad ,A
Principles of Real Estate Practice in Florida,1.97,¿Qué elemento se incluiría en la Declaración de Divulgación de Transferencia de la Florida? ,Impuestos sobre la propiedad ,Posibles limitaciones federales de construcción ,Derecho del comprador a revisar la prueba de la propiedad legal del vendedor ,Posibles servidumbres ,D
Principles of Real Estate Practice in Florida,1.98,La contraprestación valiosa necesaria para que un contrato sea válido debe ser ,dinero ,algo tangible ,algo específicamente ofrecido a cambio de otra cosa ,algo de igual valor que lo que se recibe a cambio ,C
Principles of Real Estate Practice in Florida,1.99,Un contrato que transmita un interés en bienes raíces debe: ,contener una descripción legal de la propiedad ,estar escrito en un formulario aprobado por el Colegio de Abogados del Estado ,ser nuncupativo u holográfico ,en el plazo de tres días para que sea ejecutable ,A
Principles of Real Estate Practice in Florida,1.100,¿Cuál de los siguientes contratos se puede ceder a otra parte? ,Un acuerdo de listado exclusivo ,Un acuerdo de agencia exclusiva ,Un contrato para la venta de una casa ,Un contrato de trabajo entre un corredor y un asociado de ventas ,C
,,,,,,,
,Final Exam #2,,,,,,
,,,,,,,
Principles of Real Estate Practice in Florida,2.1,La propiedad de Sheryl ha sido embargada debido a la falta de pagos de la hipoteca y la propiedad ha sido transferida a First Second Bank. Este es un ejemplo de ,líneas rojas ,expropiación ,Enajenación involuntaria ,Enajenación voluntaria ,C
Principles of Real Estate Practice in Florida,2.2,¿Cuándo NO se utiliza una escritura para transferir una propiedad a un nuevo propietario? ,Cuando el nuevo propietario haya heredado el inmueble ,Cuando el propietario actual dona la propiedad a una organización benéfica ,Cuando el nuevo propietario haya adquirido el inmueble ,Cuando el propietario actual está regalando la propiedad a otro miembro de la familia ,A
Principles of Real Estate Practice in Florida,2.3,"Si el propietario de la propiedad A tiene una servidumbre ordenada por la corte para conducir a través de la propiedad B porque es la única manera de que A tenga acceso a un camino público, la servidumbre es una ",servidumbre por prescripción ,servidumbre personal ,servidumbre por necesidad ,servidumbre en bruto ,C
Principles of Real Estate Practice in Florida,2.4,Una usurpación es ,una servidumbre que no ha sido registrada en el título de la propiedad gravada ,una intrusión física no autorizada de una propiedad en otra ,Un derecho otorgado por el dueño de una propiedad al propietario de una propiedad contigua para construir una estructura que sobresalga a través de los límites de la propiedad ,Una estructura que no cumple con una ordenanza de zonificación ,B
Principles of Real Estate Practice in Florida,2.5,¿Cómo se termina un gravamen? ,Pago de la deuda cual es objeto del gravamen y registro de la satisfacción ,Transferencia del inmueble que tiene el gravamen ,Registro de otro gravamen que sea superior ,Fallecimiento del embargante o acreedor prendario ,A
Principles of Real Estate Practice in Florida,2.6,"Para crear un contrato de opción de compra ejecutable, debe haber un intercambio de ",una promesa de vender y una promesa de compra ,una contraprestación valiosa y un derecho de compra ,una contraprestación valiosa y una promesa de compra ,un pago inicial y un contrato de venta posfechado ,B
Principles of Real Estate Practice in Florida,2.7,¿Qué es un estado de teoría de gravámenes? ,Un estado en el que un embargante tiene el título legal de una propiedad asegurada ,Un estado en el que una hipoteca se considera un gravamen contra una propiedad ,Un estado que permite a los acreedores de un propietario de bienes raíces registrar gravámenes contra la propiedad del propietario ,Un estado en el que un gravamen se considera como un traspaso ,B
Principles of Real Estate Practice in Florida,2.8,El documento que proporciona evidencia de que una determinada propiedad está pignorada como garantía de un préstamo es el ,escritura fiduciaria o hipoteca ,pagaré ,compromiso de préstamo ,Reconocimiento colateral ,A
Principles of Real Estate Practice in Florida,2.9,¿Cuánto es un punto de descuento? ,.1% del monto del préstamo ,1% del monto del préstamo ,10% del monto del préstamo ,Depende de la tasa de interés y el monto del préstamo ,B
Principles of Real Estate Practice in Florida,2.10,"Para un préstamo que no está respaldado por la Administración Federal de Vivienda o la Administración de Veteranos, y para el cual el prestatario está haciendo un pago inicial de menos del 20%, es probable que el prestamista requiera que el prestatario obtenga ",un acuerdo de subrogación ,Seguro hipotecario privado ,una carta de crédito ,un cofirmante en la nota ,B
Principles of Real Estate Practice in Florida,2.11,Un profesional de bienes raíces que supervisa la operación diaria de una propiedad específica en nombre del propietario es un(a) ,Administrador de propiedades ,Gestor de activos ,Técnico de mantenimiento ,Consultor de gestión ,A
Principles of Real Estate Practice in Florida,2.12,"Si un solicitante fue condenado por un delito 7 años antes de solicitar la licencia, ¿bajo qué circunstancias se le podría negar la licencia al solicitante? ",El solicitante sigue en libertad condicional ,El delito del demandante mostró una falta de buen carácter moral ,El solicitante cumplió condena en la cárcel por el delito ,Bajo ninguna circunstancia se le puede negar una licencia al solicitante después de que hayan pasado 7 años. ,B
Principles of Real Estate Practice in Florida,2.13,¿Para quién Florida renuncia a la tarifa de solicitud de licencia inicial? ,Un miembro de las fuerzas armadas de los EE. UU. actualmente en servicio activo ,El cónyuge sobreviviente de un miembro de las fuerzas armadas que falleció mientras estaba en servicio activo ,Una persona que cumple con los criterios para ser considerada de bajos ingresos ,Un veterano militar que solicitó la licencia dentro de los 5 años posteriores a su baja honorable del servicio activo ,D
Principles of Real Estate Practice in Florida,2.14,"Si un solicitante de licencia está actualmente en período de libertad condicional, ",A él o ella se le negará automáticamente la licencia ,Debe presentar una carta del oficial de libertad condicional que muestre el estado de su libertad condicional ,Debe esperar a que se complete la verificación de antecedentes penales antes de presentar cualquier documentación ,él o ella debe esperar hasta que termine el período de prueba antes de solicitar la licencia ,B
Principles of Real Estate Practice in Florida,2.15,"Si el DBPR no aprueba o rechaza una solicitud de licencia dentro de los 60 días, ¿qué sucederá? ",La solicitud se aprueba automáticamente ,La solicitud se deniega automáticamente ,El Departamento debe notificar al solicitante que el plazo de 60 días ha sido extendido ,"No pasará nada, ya que el Departamento tiene 90 días para aprobar o denegar las solicitudes ",D
Principles of Real Estate Practice in Florida,2.16,"Durante un conflicto sobre el desembolso de los fondos de custodia, ¿bajo qué condición se solicitaría una sentencia declaratoria? ",Cuando el corredor reclama parte de los fondos de depósito en garantía ,Cuando los fondos están en manos de un abogado ,Cuando los fondos están en manos de una compañía de títulos ,Cuando terceros árbitros actúen como jueces ,A
Principles of Real Estate Practice in Florida,2.17,¿Cuál de las siguientes situaciones no requiere que el corredor notifique al FREC sobre el desembolso de los fondos de depósito en garantía? ,"El vendedor no cumple con el cronograma de cierre, pero no proporciona al corredor instrucciones de desembolso ","Tanto el vendedor como el comprador proporcionan instrucciones de desembolso, pero las instrucciones son diferentes ",El comprador no cumple con las disposiciones de financiamiento dentro del contrato de venta ,La transacción no se cierra y el comprador no responde a las solicitudes del corredor para las instrucciones de desembolso ,C
Principles of Real Estate Practice in Florida,2.18,¿Cuál de las siguientes acciones de compensación es ilegal? ,Un licenciatario acepta un regalo de una empresa de tasación por referir clientes a esa empresa ,Un licenciatario paga a un agrimensor de propiedades por proporcionar regularmente servicios de topografía ,Un administrador de propiedades paga una tarifa de referencia de $25 a un inquilino por referir a un posible inquilino ,Un licenciatario informa a todas las partes involucradas antes de aceptar un soborno de un prestamista hipotecario ,A
Principles of Real Estate Practice in Florida,2.19,¿Cuál de las siguientes entidades no puede registrarse como corretaje? ,Corporación sin fines de lucro ,Sociedad de responsabilidad limitada ,Fideicomiso comercial ,Empresa unipersonal ,C
Principles of Real Estate Practice in Florida,2.20,La duplicación de registros de corretaje está prohibida cuando: ,realizado por un asistente sin licencia ,hecho por un asociado de ventas que está cambiando de empleador ,no autorizado por el corredor empleador ,a solicitud de la FREC ,B
Principles of Real Estate Practice in Florida,2.21,¿Cuál de las siguientes opciones describe mejor el principio de valor de la anticipación? ,Cuando un inversionista anticipa un aumento de valor debido a la división de una gran parcela de tierra en parcelas más pequeñas ,Cuando un inversionista anticipa un aumento de valor al combinar propiedades pequeñas en una propiedad grande ,Cuando un inversor anticipa un determinado flujo de ingresos de una propiedad de inversión durante un período de tenencia ,Cuando un inversionista espera un aumento de valor de una mejora determinada para el hogar ,C
Principles of Real Estate Practice in Florida,2.22,Uno de los puntos fuertes del enfoque de comparación de ventas es que ,tiene en cuenta el valor de inversión de la propiedad en cuestión ,revela el margen de beneficio del constructor o promotor del inmueble en cuestión ,descubre el valor subyacente de la propiedad en cuestión aparte de la influencia de las propiedades competidoras ,tiene en cuenta el valor competitivo de los servicios específicos de la propiedad en cuestión ,D
Principles of Real Estate Practice in Florida,2.23,"Al realizar ajustes en dólares en el enfoque de comparación de ventas, el tasador ",agrega valor a un comparable que es inferior a la propiedad en cuestión ,agrega valor a la propiedad en cuestión si es inferior a una comparable ,resta valor a un comparable que es inferior a la propiedad en cuestión ,resta valor a la propiedad en cuestión si es inferior a una comparable ,A
Principles of Real Estate Practice in Florida,2.24,"Una casa está siendo tasada utilizando el enfoque de comparación de ventas. La casa tiene tres dormitorios, dos baños y un patio. El tasador selecciona una casa comparable que tiene tres dormitorios, 2.5 baños y sin patio. La casa comparable se acaba de vender por 100.000 dólares. Un medio baño está valorado en $5,000 y un patio en $1,000. Suponiendo que todo lo demás es igual, ¿cuál es el valor ajustado del comparable? ","$100,000 ","$104,000 ",96.000 dólares ,"$106,000 ",C
Principles of Real Estate Practice in Florida,2.25,El principio que subyace a la depreciación por deterioro físico es el siguiente: ,"Eventualmente, una propiedad pierde todo su valor ",Una propiedad pierde una parte de su valor cada año debido a la obsolescencia económica ,Una propiedad pierde el mismo incremento de valor cada año a lo largo de la vida económica de la propiedad ,El valor perdido por depreciación es incurable ,C
Principles of Real Estate Practice in Florida,2.26,"Si la Ley de Procedimientos de Liquidación de Bienes Raíces se aplica a una transacción, el prestamista debe ",dar al vendedor un folleto que describa los costos y procedimientos de liquidación ,usar un formulario prescrito para revelar los costos de liquidación al comprador ,firmar un acuerdo con el vendedor y el comprador para que actúen como agente de cierre ,permitir que el comprador inspeccione el estado de cuenta de cierre al menos una semana antes de la fecha de cierre ,B
Principles of Real Estate Practice in Florida,2.27,"Si un artículo que se va a prorratear afecta al comprador y al vendedor, y no a terceros, ¿cuál de las siguientes afirmaciones es verdadera? ",El artículo debe ser prorrateado y registrado como un débito a una parte y un crédito a la otra parte por el mismo monto ,El artículo debe ser prorrateado y registrado como un débito a una de las partes; el resto se registra como crédito a la otra parte ,"La parte a la que se le debe dinero recibe un crédito por la totalidad del artículo, y la parte que debe dinero recibe un débito por el monto prorrateado ",La parte que debe dinero recibe un débito por la parte adeudada y un crédito por la parte que no se debe ,A
Principles of Real Estate Practice in Florida,2.28,"Un vendedor recibió un pago de alquiler de $100 por adelantado. Al cierre, el vendedor ha ""ganado"" solo $32 de este alquiler. ¿Qué debe aparecer en la declaración final? ",Un débito al vendedor y un crédito al comprador por $32 ,Un débito al vendedor por $68 y un crédito al comprador por $32 ,Un débito al vendedor por $32 y un crédito al comprador por $100 ,Un débito al vendedor y un crédito al comprador por $68 ,D
Principles of Real Estate Practice in Florida,2.29,"Si el precio de un artículo está aumentando, por lo general se puede suponer que ",La demanda del artículo está disminuyendo en relación con la oferta del artículo ,La demanda del artículo está aumentando en relación con la oferta del artículo ,La oferta del artículo está aumentando ,La demanda del artículo y la oferta del artículo están aumentando ,B
Principles of Real Estate Practice in Florida,2.30,"Una persona pagó $150,000 por un apartamento con la intención de alquilarlo por $1,000 al mes. El principio económico que llevó a la persona a pagar este precio en función de la capacidad de la propiedad para generar estos ingresos futuros se conoce como ",sustitución ,anticipación ,oferta y demanda ,utilidad,B
Principles of Real Estate Practice in Florida,2.31,¿Quién puede estar exento de completar los requisitos de educación previa a la licencia de Florida? ,Cualquier no residente que solicite una licencia en Florida ,Cualquier miembro de las fuerzas armadas de los EE. UU ,Cualquier persona con un título universitario de 4 años en bienes raíces ,Cualquier cónyuge de un veterano militar de los EE. UU ,C
Principles of Real Estate Practice in Florida,2.32,Florida tiene el mandato de otorgar licencias recíprocas a los miembros de las fuerzas armadas de los EE. UU. bajo ,un Acuerdo de Licencia Recíproca ,un Acuerdo de Reconocimiento Mutuo ,la Ley de Oportunidades Ocupacionales ,Proyecto de Ley 455 de la Cámara de Representantes ,C
Principles of Real Estate Practice in Florida,2.33,Todos los licenciatarios deben completar la educación continua cada período de licencia que incluye 3 horas de ,Matemáticas Inmobiliarias ,los Principios y Prácticas de los Bienes Raíces ,Tasaciones ,Ley básica ,D
Principles of Real Estate Practice in Florida,2.34,Las normas aprobadas por el FREC están contenidas en el ,F.S. Capítulo 120 ,F.S. Capítulo 475 ,Capítulo 61J2 del Código Administrativo de la Florida ,F.S. Capítulo 455 ,C
Principles of Real Estate Practice in Florida,2.35,Carol es una corredora que limita su práctica de bienes raíces a parques de casas móviles. El FREC impuso recientemente una multa disciplinaria a Carol por una violación de las reglas administrativas. ¿Qué pasa después? ,La licencia de Carol ahora quedará anulada y sin efecto ,A Carol ya no se le permitirá practicar ,"El FREC debe notificar la infracción a la División de Condominios, Tiempos Compartidos y Casas Móviles de la Florida ","La División de Condominios, Tiempos Compartidos y Casas Móviles de la Florida debe denegar la solicitud de renovación de la licencia de Carol ",C
Principles of Real Estate Practice in Florida,2.36,Ciertas clases de propietarios y tipos de bienes están exentos o inmunes a los impuestos sobre bienes inmuebles. Las categorías protegidas incluyen: ,propiedades recreativas ,propiedades de una agencia gubernamental ,propiedades que cumplen con la Ley de Estadounidenses con Discapacidades ,Inmuebles ocupados por familias monoparentales ,B
Principles of Real Estate Practice in Florida,2.37,¿Qué es una escritura fiscal? ,Un instrumento de traspaso de una propiedad que se vende para hacer cumplir un gravamen fiscal ,Un documento registrado en los registros de títulos que muestra que se han pagado los impuestos sobre la propiedad ,Un aviso a un propietario de que se ha ingresado un gravamen fiscal contra la propiedad ,Un documento que otorga a una autoridad municipal el poder de cobrar una factura de impuestos individual ,A
Principles of Real Estate Practice in Florida,2.38,"En el desarrollo de tierras, un compromiso de préstamo de retiro se puede describir mejor como ",La promesa de un prestamista de emitir un préstamo a 30 años a un comprador de vivienda nueva a una tasa de interés determinada ,La aprobación de un prestamista para emitir un nuevo préstamo a un prestatario aprobado a una tasa que el prestatario puede mostrar a otros prestamistas ,La promesa de un prestamista permanente de refinanciar el préstamo para la construcción de un proyecto determinado con un préstamo a largo plazo ,Un préstamo que refinancia un grupo de propiedades con un solo desembolso de préstamo ,C
Principles of Real Estate Practice in Florida,2.39,"Para obtener un cambio de zonificación para una propiedad en particular, por ejemplo, de residencial a comercial, el propietario de una propiedad le pediría a la junta de zonificación un(a) ",enmienda ,excepción especial ,aprobación de la plataforma ,ordenanza especial ,A
Principles of Real Estate Practice in Florida,2.40,"Entre otras disposiciones, la Ley del Superfondo (CERCLA) y la Ley de Enmienda y Reautorización del Superfondo de 1986 disponían lo siguiente: ",Los grandes proyectos de desarrollo se someten a un estudio de impacto ambiental inmediatamente después de la finalización de la construcción ,Los usuarios industriales de bienes raíces cumplen con los estándares de calidad del aire ,"la EPA daría ayuda financiera a los propietarios de viviendas para remediar cualquier situación peligrosa que resulte del radón, el asbesto o la pintura a base de plomo ",Las partes responsables de la eliminación inadecuada de desechos peligrosos podrían ser cobradas por los costos de limpieza ,D
Principles of Real Estate Practice in Florida,2.41,¿Cuál de las siguientes acciones representa publicidad discriminatoria? ,Informar a los posibles compradores sobre los aspectos positivos y negativos de un determinado vecindario ,Decirle a un posible vendedor que ahora sería un buen momento para poner una propiedad en el mercado ,Anunciar una propiedad como disponible para individuos de una raza en particular ,Decirle a un posible comprador que el agente está demasiado ocupado para mostrarle personalmente las propiedades en un día determinado ,C
Principles of Real Estate Practice in Florida,2.42,¿Cuál de las siguientes acciones está permitida por las leyes federales de vivienda justa? ,"Un corredor, siguiendo las instrucciones del vendedor, anuncia la propiedad como para la venta solo a familias cristianas ","Un vendedor de viviendas, actuando sin un corredor, coloca un letrero de ""se vende, solo para hombres solteros maduros"" frente a la casa ","El propietario de cuatro casas de alquiler anuncia una de las propiedades en alquiler ""a parejas casadas, sin hijos, sin mascotas"". ",El propietario de un dúplex que reside en una de las unidades se niega a alquilar la otra unidad a un no cristiano ,D
Principles of Real Estate Practice in Florida,2.43,May Southfeldt cree que un agente de bienes raíces le ha impedido ver cierta propiedad en alquiler porque es mujer. ¿Qué acciones debe tomar si quiere satisfacción legal por su queja? ,Presentar cargos de discriminación ilegal ante el departamento de policía que tiene jurisdicción sobre el área local ,Presentar una queja ante el HUD y/o presentar una demanda contra las partes infractoras en un tribunal estatal o federal dentro del período de tiempo prescrito ,Espere dos años y luego presente una demanda civil en un tribunal federal ,Presentar una demanda civil en un tribunal federal para obligar a HUD a hacer cumplir la Ley de Enmiendas a la Vivienda Justa de 1988 ,B
Principles of Real Estate Practice in Florida,2.44,"¿Cuál de las siguientes afirmaciones es pertinente para el significado de "" cláusula de anulación ""? ",Prohibir a un prestatario transmitir una propiedad hipotecada sin divulgarla al prestamista ,Cambiar la prioridad de gravamen de un préstamo garantizado a una posición más baja ,Sustituir un inmueble como garantía de un préstamo por otro inmueble ,Completar las obligaciones del préstamo y recibir una certificación de la satisfacción hipotecaria por parte de un prestamista ,D
Principles of Real Estate Practice in Florida,2.45,"El ""conjunto de derechos"" se refiere a un conjunto de derechos ",disfrutado por el propietario de un inmueble ,que es inseparable de una parcela de bienes inmuebles ,garantizado a los ciudadanos por la Declaración de Independencia ,especificado en una escritura o contrato de tierras ,A
Principles of Real Estate Practice in Florida,2.46,"Si una relación de agencia termina porque una de las partes incumplió, ¿cuál de las siguientes afirmaciones es verdadera? ",Se extinguen todas las obligaciones ,Ambas partes deben continuar cumpliendo con todas las obligaciones del acuerdo ,La parte incumplidora puede tener una responsabilidad financiera ,La parte perjudicada no tiene derecho a reclamar a la parte incumplidora ,C
Principles of Real Estate Practice in Florida,2.47,Entre los deberes fiduciarios impuestos a un agente de bienes raíces se encuentra el requisito de ,Rechazar ofertas que el agente sabe que serán inaceptables para el mandante ,Presentar todas las ofertas al mandante ,Aconseje al mandante que no acepte una oferta que esté por debajo del precio total ,Avisar a un prospecto que el mandante no aceptará la oferta del prospecto para obtener una mejor oferta ,B
Principles of Real Estate Practice in Florida,2.48,"Si un comprador potencial revela sus calificaciones financieras al agente del vendedor, el agente está obligado a ",Mantenera la información confidencial ,Revelar la información al agente del comprador ,Revelar la información al vendedor ,Verificar las declaraciones del comprador antes de divulgarlas al cliente ,C
Principles of Real Estate Practice in Florida,2.49,¿Cuál de las siguientes es una situación de doble agencia? ,Dos agentes comparten el derecho exclusivo de representar al mismo cliente ,Un agente representa a ambas partes en una transacción ,Un agente de ventas de una correduría trabaja con un agente de venta de otra correduría para completar una transacción ,Un agente representa a dos vendedores al mismo tiempo ,B
Principles of Real Estate Practice in Florida,2.50,¿En cuál de las siguientes situaciones de contacto se esperaría que el agente de un vendedor revelara sus relaciones de agencia? ,El agente está mostrando la propiedad del cliente a un posible comprador ,El agente le cuenta a un conocido en una fiesta sobre la propiedad del cliente ,El agente responde preguntas sobre la propiedad del cliente para una persona que llama por teléfono y responde a un anuncio en el periódico ,El agente está mostrando a un comprador potencial casas en un cierto rango de precios en el libro de listados múltiples ,A
Principles of Real Estate Practice in Florida,2.51,La Ley de Igualdad de Oportunidades de Crédito prohíbe a un prestamista ,Rechazar un préstamo porque la propiedad está ubicada en un área determinada ,incluyendo los ingresos del trabajo por cuenta propia en los ingresos calificados del prestatario ,Requerir que ambos cónyuges firmen el formulario de solicitud de préstamo ,Rechazar un préstamo porque un prestatario tiene un informe de crédito defectuoso ,A
Principles of Real Estate Practice in Florida,2.52,Un préstamo hipotecario convencional es aquel que es ,respaldado por la Asociación Hipotecaria Nacional Federal ,asegurado bajo la Sección 203(b) del programa de préstamos de la Administración Federal de Vivienda ,garantizado por la Asociación Hipotecaria Nacional del Gobierno ,no está asegurado por la FHA ni garantizado por el VA ,D
Principles of Real Estate Practice in Florida,2.53,¿Cuál de las siguientes opciones describe un acuerdo del vendedor de financiamiento hipotecario de dinero para la compra? ,Un banco le da al comprador un préstamo hipotecario senior que cubre completamente el costo de comprar la propiedad ,El comprador le da al vendedor una hipoteca y un pagaré como parte del precio de compra de la propiedad ,Un fideicomiso de tierras mantiene el título de la propiedad mientras el comprador realiza pagos periódicos a plazos al vendedor ,El vendedor utiliza el dinero de la compra obtenido del préstamo hipotecario del comprador para pagar el saldo pendiente del préstamo del vendedor ,B
Principles of Real Estate Practice in Florida,2.54,"Un prestatario de un préstamo de $95,000 solo con intereses realiza pagos anuales de intereses de $8,312.50. ¿Qué tasa de interés está pagando el prestatario? ",8.75% ,7.29% ,.729 %. ,9.125% ,A
Principles of Real Estate Practice in Florida,2.55,La diferencia entre lo que un prestatario tiene que pagar para comprar una propiedad y la cantidad que un prestamista prestará por la propiedad es la ,relación préstamo-valor ,margen de beneficio del prestamista ,pago inicial del comprador ,comisión de originación ,C
Principles of Real Estate Practice in Florida,2.56,La cuestión de quién posee el título de una propiedad es generalmente una función de: ,quién tiene una factura de venta de la propiedad ,quién tiene la posesión física de la propiedad ,quién tiene la mejor evidencia de propiedad ,quién tiene una escritura de la propiedad ,C
Principles of Real Estate Practice in Florida,2.57,El tipo de escritura que ofrece al concesionario la protección más completa contra las reclamaciones sobre el título es la,Escritura de garantía general ,Escritura de garantía especial ,Escritura de renuncia ,Negociar y defender la escritura ,A
Principles of Real Estate Practice in Florida,2.58,"Si el propietario de un bien inmueble fallece sin dejar testamento y sin herederos legales, ¿qué pasará generalmente con la propiedad? ",Revertirá al estado o condado por reversión ,Se transferirá al albacea del difunto ,Se dividirá a partes iguales entre los propietarios de las fincas colindantes ,Se convertirá en una servidumbre pública ,A
Principles of Real Estate Practice in Florida,2.59,El tipo de contrato de arrendamiento en el que el arrendador paga todos los gastos operativos de la propiedad es un ,arrendamiento bruto ,arrendamiento de propiedad,Arrendamiento índice ,arrendamiento neto ,A
Principles of Real Estate Practice in Florida,2.60,El mapa de propósito especial que muestra todas las parcelas dentro de una ciudad y se utiliza para evaluar la propiedad se denomina ,Mapa de la parcela ,Mapa catastral ,Mapa fiscal ,Mapa topográfico ,C
Principles of Real Estate Practice in Florida,2.61,"Cuando el DBPR completa su investigación de quejas, ¿qué acción se lleva a cabo a continuación? ",Se emite una orden final ,Se emite una carta de incumplimiento ,Se presenta un informe de investigación al Panel de Causa Probable ,Se presenta una orden recomendada al FREC ,C
Principles of Real Estate Practice in Florida,2.62,¿Qué parte del proceso de queja es confidencial y no está abierta al público? ,La investigación del DBPR ,Los procedimientos de causa probable ,La denuncia formal ,La audiencia formal ,B
Principles of Real Estate Practice in Florida,2.63,"Las reclamaciones múltiples de pagos del Fondo de Recuperación basadas en la misma transacción se limitan a un total de ________ independientemente del número de reclamaciones, reclamantes o parcelas de tierra involucradas ","$25,000 ","$50,000 ","$100,000 ","$150,000 ",B
Principles of Real Estate Practice in Florida,2.64,"Excepto en casos de emergencia, los propietarios deben avisar a los inquilinos al menos __________ antes de ingresar a la unidad de alquiler para hacer reparaciones ",12 horas ,24 horas ,36 horas ,48 horas ,A
Principles of Real Estate Practice in Florida,2.65,Las clases protegidas contra la discriminación por la Ley de Vivienda Justa de 1968 son: ,solo raza ,religión y género solamente ,"raza, color, religión y origen nacional ",edad y sexo solamente ,C
Principles of Real Estate Practice in Florida,2.66,El esposo de Sue en servicio activo fue asesinado en Afganistán en julio de 2016. La licencia de bienes raíces de Sue se renovará en enero de 2020. ¿Qué exenciones de renovación de licencia están disponibles para Sue? ,Estará exenta de pagar una cuota de renovación ,Estará exenta de los requisitos de educación continua ,Estará exenta de todos los requisitos de renovación ,Ninguna; El esposo en servicio activo de Sue murió más de 2 años antes de la fecha de renovación de su licencia ,D
Principles of Real Estate Practice in Florida,2.67,Se utiliza una licencia de grupo ,Cuando varios asociados de ventas atienden al mismo cliente ,Cuando un corredor emplea a varios asociados de ventas y corredores ,"Cuando un propietario/desarrollador posee propiedades a través de múltiples entidades, todas controladas por el mismo individuo ",Cuando una corporación o sociedad es propietaria de varias propiedades y emplea a varios corredores que manejan esas propiedades para la venta o el arrendamiento ,C
Principles of Real Estate Practice in Florida,2.68,¿Qué relación de corretaje debe entablar un consumidor con un licenciatario? ,Agente único ,Corredor transaccional ,Doble agencia ,Ninguno ,D
Principles of Real Estate Practice in Florida,2.69,"El corredor Bob tiene un documento de divulgación de 2015 que debe conservar durante 5 años. En 2019, o el cuarto año de retención, el documento se llama como prueba para una acción civil. ¿En qué año se le permite legalmente a Bob destruir ese documento? ",2018 ,2019 ,2021 ,2023 ,C
Principles of Real Estate Practice in Florida,2.70,"En una relación de asociado de ventas designado, ¿qué deberes debe revelar un corredor a los clientes? ",Deberes de un solo agente ,Deberes del corredor de transacciones ,Deberes de no representación ,Ninguno ,D
Principles of Real Estate Practice in Florida,2.71,¿Cuál de las siguientes afirmaciones describe adecuadamente cómo aplicar el enfoque de capitalización de ingresos a la tasación? ,Aplique una tasa de rendimiento deseada al precio pagado por una propiedad de renta ,Divida los ingresos que genera una propiedad por una tasa de rendimiento deseada ,Estimar la cantidad de ingresos que debe generar un inmueble para devolver el capital invertido en él ,Calcule la tasa de rendimiento que recibe el propietario de los ingresos generados por la propiedad ,B
Principles of Real Estate Practice in Florida,2.72,"Un edificio de apartamentos que se vendió por $450,000 tenía ingresos brutos mensuales de alquiler de $3,000. ¿Cuál es su multiplicador mensual de renta bruta? ",12.5 ,.01 ,.08 ,150 ,D
Principles of Real Estate Practice in Florida,2.73,"Para participar en el corretaje de negocios, un corredor debe tener una licencia de bienes raíces porque ",Solo los licenciatarios de bienes raíces entienden los requisitos de una transacción de venta comercial ,La venta de un negocio generalmente implica la transferencia de un interés de propiedad inmobiliaria ,Una entidad comercial se considera un tipo de propiedad tangible ,Una empresa no puede operar como su propio corredor de bienes raíces ,B
Principles of Real Estate Practice in Florida,2.74,"Una propietaria vendió su casa y obtuvo ganancias netas de $191,000. Su base ajustada en la casa fue de $176,000. Inmediatamente compró otra casa por 200.000 dólares. ¿Cuál fue su ganancia de capital? ","$191,000. ","$9,000 ","$15,000 ",Ninguno ,C
Principles of Real Estate Practice in Florida,2.75,Multiplicando la tasa impositiva por el valor imponible se determina el ,valor de tasación ,base imponible ,recaudación de impuestos ,limitaciones de SOH ,C
Principles of Real Estate Practice in Florida,2.76,Una oficina se considera un refugio temporal siempre que: ,Allí solo se llevan a cabo los cierres de transacciones ,Se encuentra en un edificio con construcción estacionaria ,Está registrado como refugio temporal ,Los asociados de ventas no están asignados permanentemente allí ,D
Principles of Real Estate Practice in Florida,2.77,"De acuerdo con la ley de Florida con respecto al trabajo y el lugar de trabajo, ",Los asociados de ventas pueden trabajar desde su propia oficina residencial ,Los asociados de ventas pueden trabajar para varios corredores al mismo tiempo ,Los asociados de ventas deben estar registrados con un corredor empleador ,Los nombres de los asociados de ventas deben aparecer en la señalización de la entrada de la oficina ,C
Principles of Real Estate Practice in Florida,2.78,¿Cuál de los siguientes NO está permitido para mantener fondos de terceros en una cuenta de depósito en garantía? ,Un prestamista hipotecario ,Un abogado ,Una compañía de títulos ,Un corredor ,A
Principles of Real Estate Practice in Florida,2.79,"Aunque la ley de Florida prohíbe que un corredor mezcle sus propios fondos con fondos fiduciarios en una cuenta de depósito en garantía, la ley permite que el corredor deposite ___________ de fondos personales o comerciales para cubrir las tarifas de mantenimiento de la cuenta ","$5,000 ","$2,000 ","$1,000 ",$100 ,C
Principles of Real Estate Practice in Florida,2.80,La asociada de ventas Tracy aceptó un cheque de garantía el miércoles 24 de diciembre. Tracey debe entregar el cheque a su corredor antes de que finalice el día hábil ,Viernes 26 de diciembre ,Miércoles 24 de diciembre ,Lunes 29 de diciembre ,Jueves 25 de diciembre ,A
Principles of Real Estate Practice in Florida,2.81,"¿Cuál de las siguientes condiciones es necesaria para que un consumidor califique como ""listo, dispuesto y capaz""? ",La oferta del cliente debe ser aceptada ,El cliente debe tener capacidad legal para completar la transacción ,El cliente debe tener un compromiso de un prestamista ,El cliente no debe tener ninguna relación comercial con el agente ,B
Principles of Real Estate Practice in Florida,2.82,"Un asociado de ventas de bienes raíces lleva a un comprador a una transacción de ""Venta por el propietario"". La casa se vende por $245,000 y el vendedor acepta pagar una comisión del 3%. La asociada de ventas tiene una comisión del 65% con su corredor, quien le paga el 65% menos los gastos de oficina de $500. ¿Cuánto recibirá el asociado de ventas por esta transacción? ","$4,778 ","$4,452 ","$4,278 ","$3,175 ",C
Principles of Real Estate Practice in Florida,2.83,"Para ser ejecutable, un contrato de compraventa de bienes inmuebles debe ",contingencias claramente definidas ,ser escrito ,ser grabado ,tienen una fecha de caducidad ,B
Principles of Real Estate Practice in Florida,2.84,¿Cuál de los siguientes es un elemento esencial de un contrato válido para la venta de bienes inmuebles? ,Precio basado en tasación certificada ,Firma del corredor de cotización ,Oferta y aceptación ,Números de Seguro Social del vendedor y del comprador ,C
Principles of Real Estate Practice in Florida,2.85,"Un comprador firma un acuerdo de dinero en garantía y se lo da al corredor que le mostró la propiedad que está comprando. Después de salir de la oficina del corredor, lo reconsidera y decide que prefiere una propiedad diferente. ¿Cuánto tiempo tiene para retirar su oferta? ",Hasta que el vendedor comunique la aceptación de la oferta ,Veinticuatro horas ,"Puede recuperarlo en cualquier momento, pero debe renunciar al dinero de las arras ",No puede retirarlo hasta después de la fecha de vencimiento de la oferta ,A
Principles of Real Estate Practice in Florida,2.86,¿Cuál de las siguientes afirmaciones es cierta para los derechos litorales? ,Revierten al estado cuando se vende la propiedad ,No se pueden transferir ,"Son un derecho personal que pertenece a un propietario individual, no se adhiere a la propiedad inmueble ",Se transfieren con la propiedad cuando se vende la propiedad ,D
Principles of Real Estate Practice in Florida,2.87,"Dos personas son propietarias de una casa, cada una con un interés indiviso e igual. ¿Cuál de las siguientes opciones describe mejor lo que poseen? ",Cada uno posee el cincuenta por ciento de la casa física y el terreno sobre el que descansa ,Cada uno posee el cien por cien de la casa física y del terreno sobre el que descansa ,"Cada uno posee el cincuenta por ciento del patrimonio representado por el bien inmueble, pero no una parte física del bien inmueble ",Cada uno posee el cien por ciento de la finca representada por el bien inmueble y el cincuenta por ciento de la casa física y el terreno sobre el que descansa ,C
Principles of Real Estate Practice in Florida,2.88,"Si no se puede determinar la duración de los derechos de un propietario sobre una herencia, el propietario posee ",un patrimonio legal indeterminado ,Un arrendado de propiedad simple ,una propiedad de dominio absoluto ,una finca arrendada ,C
Principles of Real Estate Practice in Florida,2.89,¿Cuál de las siguientes afirmaciones es cierta para una tenencia conjunta? ,Los inquilinos pueden determinar el tamaño de la acción que posee cada inquilino ,El tamaño de las acciones del inquilino está determinado por la cantidad de capital que cada uno ha invertido en la propiedad ,Los inquilinos tienen un interés de propiedad igual e indivisible ,"No puede haber más de dos copropietarios, y cada uno tiene una participación del cincuenta por ciento ",C
Principles of Real Estate Practice in Florida,2.90,Dos personas pueden ser propietarias de una casa como tenencia por la totalidad si: ,así lo eligen en el momento de adquirir el título ,Son parientes consanguíneos ,Están casados ,que incorporan ,C
Principles of Real Estate Practice in Florida,2.91,"Si un préstamo en particular cae bajo la disposición del derecho de rescisión de la Regulación Z, ",El prestamista tiene derecho a cambiar los términos del préstamo dentro de un período determinado ,El prestamista tiene derecho a acelerar el pago del préstamo debido a un cambio en el estado crediticio del prestatario ,El prestatario tiene derecho a pagar el préstamo antes de lo previsto sin penalización ,El prestatario tiene un derecho limitado a cancelar la transacción dentro de un período determinado ,D
Principles of Real Estate Practice in Florida,2.92,"Un prestatario obtiene un préstamo hipotecario a 30 años con un total amortizamiento de $30,000 al 8%. ¿Cuál es el saldo de capital al final del plazo del préstamo? ","$1,000 ","$30,000 ",$220 ,Cero ,D
Principles of Real Estate Practice in Florida,2.93,"¿Cuánto impuesto de sello documental se adeudará en la escritura cuando una persona financia la compra de una casa unifamiliar de $400,000 en Miami con un pago inicial en efectivo de $20,000? ","$8,000 ",$760 ,"$1,330 ","$2,400 ",D
Principles of Real Estate Practice in Florida,2.94,"John compró una casa unifamiliar en Tampa, Florida, por 600.000 dólares. Pagó un pago inicial en efectivo de $100,000 y financió $500,000. Tiene pagos de impuestos que deben realizarse en esta compra. ¿Qué tipo de pago de impuestos sería de $1,750? ",Impuesto de sello documental sobre pagare ,Impuesto sobre intangibles hipotecarios ,El impuesto predial ad valorem ,El impuesto especial de liquidación ,A
Principles of Real Estate Practice in Florida,2.95,"¿Cuándo debe un comprador realizar un ""recorrido del comprador"" de una propiedad que está bajo contrato? ",Inmediatamente después de que se acepte la oferta ,Inmediatamente después del cierre ,Lo antes posible de la fecha de cierre ,Tan pronto como se hayan completado todas las inspecciones ,C
Principles of Real Estate Practice in Florida,2.96,¿Cuáles son las dimensiones de un municipio? ,Una milla cuadrada ,Seis millas por seis millas ,Seis millas cuadradas ,Treinta y seis millas por treinta y seis millas ,B
Principles of Real Estate Practice in Florida,2.97,Una venta que involucra un _________________ requiere una divulgación que indique que no hay un precio de reventa garantizado ,CDD ,Asociación de Propietarios ,Cooperativa ,Tiempo compartido ,D
Principles of Real Estate Practice in Florida,2.98,La condición necesaria del consentimiento mutuo puede faltar en un contrato si: ,Las dos partes no discutieron todas las interpretaciones posibles de las disposiciones del contrato ,La oferta que se aceptó es vaga ,Una de las partes no tenía la autoridad legal para firmar el contrato ,El acuerdo no está escrito ,B
Principles of Real Estate Practice in Florida,2.99,Un vendedor de vivienda firma un acuerdo de venta con un corredor y a la semana siguiente decide no vender y revoca el listado. ¿Cuál de las siguientes afirmaciones es verdadera? ,El vendedor no tiene obligaciones contractuales con el corredor ,El contrato permanece en plena vigencia hasta la fecha de vencimiento ,El corredor puede tener una reclamación por daños y perjuicios ,El vendedor no puede firmar un acuerdo de listado con otro corredor ,C
Principles of Real Estate Practice in Florida,2.100,Un incumplimiento de contrato es ,una rescisión del contrato por mutuo consentimiento de las partes ,Daño financiero sufrido por una parte porque otra parte ha anulado una disposición contractual ,una demanda para obligar a una de las partes a rescindir el contrato ,el incumplimiento por una de las partes de acuerdo con los términos del contrato ,D